,ID,PTX3 rs1840680,PTX3 rs2305619,MBL -221,IL-10 -1082,IL-10 -819,IL-10 -592,TNF-308,SOD2,MPO C-463T,IL-28b rs12979860,IsHCC
0,1,1.0,0.667,1.0,0.333,0.667,0.667,1.0,0.667,0.333,1.0,0
1,2,0.667,0.667,1.0,1.0,0.333,1.0,0.667,1.0,1.0,1.0,0
2,3,0.667,0.667,0.667,0.333,1.0,0.333,1.0,0.333,0.667,1.0,1
3,4,0.667,0.667,1.0,0.333,0.667,0.667,1.0,0.667,1.0,0.333,0
4,5,0.667,0.667,0.333,0.333,0.667,0.667,1.0,0.667,0.667,0.667,0
5,7,0.333,0.333,0.667,0.333,1.0,0.333,1.0,0.333,1.0,1.0,0
6,8,1.0,1.0,1.0,0.333,0.667,0.667,0.667,0.667,1.0,0.333,0
7,9,0.333,0.333,1.0,0.667,0.333,1.0,1.0,1.0,0.667,1.0,0
8,10,1.0,1.0,1.0,0.667,0.333,1.0,1.0,0.667,1.0,0.667,0
9,11,0.667,0.667,1.0,0.333,0.667,0.667,1.0,0.333,1.0,1.0,1
10,12,1.0,0.667,1.0,0.667,0.667,0.667,1.0,1.0,0.333,0.667,0
11,13,0.333,0.333,1.0,0.667,0.333,1.0,0.667,0.333,1.0,0.333,0
12,14,1.0,0.667,1.0,0.667,0.667,0.667,1.0,0.333,1.0,0.333,0
13,15,0.667,0.333,1.0,0.667,0.667,0.667,1.0,0.667,0.667,0.667,0
14,16,0.667,0.667,1.0,0.667,0.333,1.0,1.0,0.333,1.0,1.0,0
15,17,0.667,0.667,1.0,0.333,0.333,1.0,1.0,1.0,0.667,0.333,1
16,18,0.667,0.667,1.0,0.667,0.333,1.0,1.0,0.667,1.0,1.0,0
17,19,1.0,1.0,0.667,0.667,0.667,0.667,1.0,0.333,0.667,0.667,0
18,20,0.667,0.333,0.667,0.333,1.0,0.333,1.0,0.667,1.0,1.0,0
19,21,0.667,0.667,1.0,0.333,0.667,0.667,1.0,0.667,1.0,0.333,0
20,22,0.667,0.667,1.0,0.333,0.667,0.667,1.0,1.0,1.0,1.0,0
21,23,0.667,0.667,1.0,0.333,1.0,0.333,1.0,0.667,1.0,0.667,1
22,24,0.667,0.667,1.0,0.667,0.667,0.667,1.0,0.333,1.0,0.333,0
23,25,0.667,0.667,1.0,0.667,0.333,1.0,1.0,1.0,0.667,0.333,0
24,26,1.0,1.0,0.333,0.333,0.333,1.0,1.0,0.333,0.667,0.667,0
25,27,1.0,1.0,0.667,0.333,0.333,1.0,0.667,0.667,0.667,1.0,0
26,28,1.0,1.0,1.0,0.333,1.0,0.333,0.667,1.0,1.0,0.667,0
27,29,1.0,1.0,1.0,0.667,0.667,0.667,1.0,0.667,1.0,0.667,0
28,30,1.0,1.0,1.0,0.333,0.667,0.667,1.0,0.667,0.667,1.0,0
29,31,0.667,0.667,1.0,0.667,0.667,0.667,1.0,1.0,1.0,0.667,0
30,32,0.333,0.333,0.667,0.333,0.667,0.667,1.0,0.667,1.0,0.333,1
31,33,1.0,1.0,0.667,0.333,0.667,0.667,1.0,0.333,1.0,0.333,0
32,34,1.0,1.0,1.0,0.667,0.333,1.0,1.0,0.667,1.0,1.0,0
33,35,0.333,0.333,1.0,0.333,0.667,0.667,1.0,0.333,1.0,0.667,1
34,36,1.0,1.0,0.667,0.667,0.333,1.0,1.0,1.0,0.667,1.0,0
35,38,0.667,0.667,0.667,0.667,0.333,1.0,1.0,1.0,1.0,0.667,0
36,39,0.667,0.667,1.0,0.667,0.667,0.667,1.0,0.667,0.667,0.667,0
37,40,0.333,0.333,0.667,0.667,0.333,1.0,1.0,0.333,1.0,0.667,0
38,41,1.0,0.667,1.0,0.333,1.0,0.333,1.0,0.667,1.0,0.333,0
39,42,0.667,0.667,1.0,0.667,0.333,1.0,1.0,1.0,0.667,0.333,1
40,43,0.667,0.667,1.0,0.667,0.333,1.0,0.667,0.333,0.333,1.0,0
41,44,0.667,0.667,0.667,0.667,0.667,0.667,1.0,0.667,1.0,0.667,0
42,45,0.333,0.333,1.0,0.667,0.667,0.667,1.0,0.333,1.0,0.667,0
43,46,1.0,0.667,0.667,0.667,0.667,0.667,1.0,1.0,1.0,0.333,1
44,47,0.667,0.667,1.0,0.333,1.0,0.333,1.0,0.667,1.0,0.667,0
45,48,0.667,0.333,1.0,0.667,0.667,0.667,1.0,0.333,0.667,0.333,1
46,49,1.0,1.0,1.0,0.667,0.667,0.667,1.0,0.333,0.667,0.333,0
47,50,1.0,1.0,0.667,0.667,0.333,1.0,1.0,0.667,1.0,0.333,0
48,51,0.667,0.667,1.0,1.0,0.333,1.0,1.0,0.667,1.0,0.333,0
49,52,0.333,0.333,1.0,0.667,0.333,1.0,0.333,0.667,0.667,0.667,0
50,53,1.0,0.667,1.0,0.333,0.667,0.667,0.667,0.333,0.667,1.0,0
51,54,0.667,0.667,1.0,0.333,0.333,1.0,0.667,0.333,1.0,0.333,0
52,55,0.333,0.333,1.0,0.667,0.333,1.0,0.667,0.667,1.0,0.667,0
53,56,1.0,0.667,1.0,0.333,0.667,0.667,0.667,0.333,0.667,0.667,0
54,57,0.667,0.667,1.0,0.667,0.667,0.667,1.0,0.667,1.0,0.667,0
55,58,0.667,0.667,1.0,0.333,0.333,1.0,1.0,1.0,1.0,0.667,0
56,59,0.667,0.667,1.0,1.0,0.333,1.0,1.0,0.333,0.667,0.333,0
57,60,1.0,1.0,0.667,0.667,0.333,1.0,1.0,0.667,1.0,0.333,0
58,61,0.667,0.333,1.0,0.667,0.667,0.667,1.0,0.333,0.667,0.667,0
59,62,0.667,0.667,1.0,0.667,0.667,0.667,1.0,0.667,1.0,0.667,0
60,63,0.333,0.333,1.0,1.0,0.333,1.0,0.667,1.0,1.0,0.667,1
61,64,0.333,0.333,1.0,0.333,0.333,1.0,1.0,0.667,1.0,0.667,0
62,65,0.667,0.667,1.0,1.0,0.333,1.0,0.333,1.0,0.667,0.667,0
63,66,1.0,0.667,0.667,0.667,0.667,0.667,1.0,1.0,0.667,0.333,0
64,67,1.0,1.0,1.0,0.667,0.333,1.0,0.667,1.0,0.667,0.333,0
65,68,0.667,0.667,0.667,0.667,0.667,0.667,0.667,0.333,1.0,1.0,0
66,69,0.667,0.333,1.0,0.667,0.333,1.0,1.0,0.667,0.667,0.667,0
67,70,1.0,1.0,0.667,0.333,0.667,0.667,1.0,0.667,1.0,1.0,0
68,71,0.667,0.667,0.667,0.667,0.333,1.0,1.0,0.667,0.667,0.333,0
69,72,0.667,0.667,1.0,0.333,0.667,0.667,1.0,1.0,1.0,1.0,0
70,73,0.667,0.667,1.0,0.667,0.667,0.667,0.667,0.667,1.0,0.667,0
71,74,0.667,0.667,1.0,0.667,0.333,1.0,1.0,0.667,1.0,0.333,0
72,75,0.667,0.667,1.0,0.333,0.667,0.667,1.0,0.667,0.667,0.667,0
73,76,0.667,0.667,0.667,0.667,0.667,0.667,1.0,0.667,1.0,0.667,0
74,77,0.333,0.333,1.0,0.667,0.333,1.0,1.0,0.333,0.667,1.0,0
75,78,0.667,0.667,0.667,0.667,0.333,1.0,1.0,1.0,1.0,0.333,0
76,79,1.0,1.0,1.0,0.333,0.333,1.0,0.667,0.333,1.0,0.333,0
77,80,1.0,0.333,1.0,0.333,0.667,0.667,0.667,0.667,1.0,0.333,0
78,81,0.667,0.667,0.667,1.0,0.333,1.0,0.667,1.0,0.667,0.333,0
79,82,0.333,0.333,1.0,0.667,0.333,1.0,1.0,0.333,1.0,0.667,0
80,83,1.0,1.0,1.0,0.333,1.0,0.333,1.0,0.667,1.0,0.667,0
81,84,0.667,0.667,1.0,0.667,0.333,1.0,0.667,0.667,0.667,1.0,0
82,86,0.333,0.333,1.0,1.0,0.333,1.0,1.0,0.333,0.667,0.333,0
83,87,1.0,1.0,0.667,0.667,0.667,0.667,1.0,0.333,0.667,0.667,0
84,88,0.667,0.667,1.0,0.667,0.333,1.0,1.0,1.0,0.667,0.667,0
85,89,0.667,0.667,1.0,0.667,0.667,0.667,1.0,1.0,0.667,0.667,0
86,90,0.667,0.667,0.667,0.333,0.667,0.667,1.0,0.333,1.0,0.667,0
87,91,1.0,0.667,1.0,0.667,0.333,1.0,1.0,0.667,0.667,0.667,0
88,92,1.0,0.667,1.0,0.667,0.333,1.0,1.0,0.667,1.0,0.333,0
89,94,0.667,0.667,0.667,0.667,0.667,0.667,1.0,0.667,0.667,1.0,0
90,95,1.0,1.0,1.0,0.667,0.333,1.0,1.0,0.667,1.0,1.0,0
91,96,0.667,0.667,0.667,0.667,0.333,1.0,1.0,0.333,0.667,0.667,0
92,97,0.333,0.333,0.667,0.667,0.333,1.0,1.0,0.333,1.0,0.667,0
93,98,0.667,0.667,1.0,0.667,0.333,1.0,1.0,0.667,0.667,0.667,0
94,99,0.333,0.333,0.667,0.333,1.0,0.333,1.0,1.0,1.0,0.667,0
95,100,0.667,0.333,0.667,1.0,0.333,1.0,1.0,0.667,1.0,0.667,0
96,101,0.333,0.333,0.667,0.667,0.667,0.667,1.0,0.333,0.667,0.667,0
97,102,1.0,1.0,1.0,0.333,1.0,0.333,1.0,0.667,0.667,0.667,1
98,103,1.0,1.0,1.0,0.667,0.667,0.667,1.0,0.667,0.667,1.0,1
99,104,0.667,0.667,0.667,0.667,0.333,1.0,0.667,0.667,1.0,0.667,0
100,105,0.333,0.333,0.667,0.667,0.333,1.0,1.0,0.667,0.667,0.333,0
101,107,0.667,0.667,0.333,0.667,0.667,0.667,0.667,0.667,1.0,0.667,0
102,108,0.667,0.667,1.0,0.333,1.0,0.333,1.0,0.667,1.0,0.667,0
103,109,0.667,0.667,1.0,0.667,0.333,1.0,1.0,1.0,1.0,0.667,0
104,110,1.0,1.0,1.0,0.333,0.333,1.0,1.0,0.333,0.667,0.667,0
105,111,0.667,0.667,1.0,0.333,0.333,1.0,1.0,0.667,1.0,1.0,0
106,112,0.667,0.667,1.0,0.333,0.667,0.667,1.0,0.667,0.667,0.667,0
107,113,0.667,0.667,1.0,0.667,0.333,1.0,1.0,0.667,0.667,0.667,0
108,114,0.333,0.333,1.0,1.0,0.333,1.0,1.0,1.0,1.0,1.0,0
109,115,1.0,0.667,0.667,0.333,0.667,0.667,0.667,0.667,1.0,0.667,0
110,116,0.667,0.667,0.667,0.333,0.667,0.667,1.0,0.333,1.0,0.667,0
111,117,0.667,0.667,0.667,0.667,0.667,0.667,1.0,0.667,1.0,0.667,0
112,118,0.667,0.667,0.667,0.333,0.333,1.0,1.0,0.333,0.667,0.667,0
113,119,0.333,0.333,1.0,0.667,0.667,0.667,1.0,1.0,1.0,0.667,0
114,120,1.0,1.0,0.667,1.0,0.333,1.0,1.0,0.667,1.0,1.0,0
115,121,0.333,0.333,0.667,0.667,0.667,0.667,0.667,1.0,0.333,0.667,0
116,122,1.0,0.333,0.667,0.333,0.333,1.0,1.0,1.0,0.333,0.667,0
117,123,1.0,1.0,1.0,0.333,0.667,0.667,1.0,1.0,0.667,0.667,0
118,124,1.0,1.0,0.667,0.667,0.667,0.667,1.0,0.667,0.667,0.667,1
119,125,0.333,0.333,0.333,0.667,0.333,1.0,1.0,0.333,1.0,0.333,1
120,126,0.667,0.667,1.0,0.333,0.667,0.667,1.0,0.333,1.0,0.667,0
121,127,0.667,0.667,1.0,0.667,0.667,0.667,1.0,0.667,0.667,0.667,0
122,128,1.0,1.0,0.667,0.333,1.0,0.333,1.0,0.667,0.667,1.0,0
123,129,0.667,0.667,1.0,0.667,0.667,0.667,1.0,1.0,1.0,0.667,0
124,130,1.0,0.667,1.0,0.667,0.667,0.667,1.0,0.667,0.667,1.0,0
125,131,1.0,1.0,1.0,0.667,0.667,0.667,1.0,1.0,0.333,1.0,0
126,132,1.0,1.0,0.667,1.0,0.333,1.0,0.667,1.0,1.0,0.667,0
127,133,0.667,0.667,1.0,0.333,0.667,0.667,0.667,0.333,0.667,0.667,0
128,134,1.0,1.0,1.0,0.667,0.667,0.667,1.0,1.0,0.667,0.333,1
129,135,1.0,1.0,1.0,0.333,0.667,0.667,1.0,0.667,1.0,0.333,0
130,136,1.0,1.0,1.0,0.333,1.0,0.333,0.667,0.333,1.0,0.667,0
131,137,1.0,0.667,1.0,1.0,0.333,1.0,1.0,1.0,0.667,0.333,0
132,138,1.0,1.0,1.0,0.333,0.667,0.667,0.333,1.0,0.667,0.667,0
133,139,1.0,1.0,1.0,0.667,0.667,0.667,1.0,0.333,1.0,0.667,0
134,140,0.667,0.667,1.0,0.667,0.667,0.667,0.667,0.667,0.667,0.667,0
135,141,0.667,0.667,1.0,0.333,0.333,1.0,1.0,0.667,1.0,1.0,1
136,142,1.0,1.0,1.0,0.333,0.667,0.667,1.0,0.333,0.333,0.667,0
137,143,0.333,0.333,1.0,0.667,0.333,1.0,1.0,0.667,1.0,0.667,1
138,144,1.0,1.0,1.0,0.667,0.667,0.667,0.667,0.667,1.0,0.667,1
139,145,1.0,1.0,1.0,0.667,0.333,1.0,0.667,0.667,1.0,1.0,0
140,146,0.333,0.333,1.0,0.333,0.667,0.667,1.0,0.667,1.0,0.667,0
141,147,0.667,0.667,0.667,0.667,0.333,1.0,1.0,0.667,0.667,0.667,0
142,148,0.333,0.333,1.0,0.667,0.667,0.667,1.0,0.667,1.0,1.0,1
143,149,1.0,1.0,1.0,0.667,0.667,0.667,1.0,0.667,1.0,0.667,0
144,150,0.667,0.667,1.0,0.667,0.667,0.667,0.667,0.667,0.667,0.667,0
145,151,0.667,0.667,1.0,0.667,0.333,1.0,0.667,0.333,1.0,0.667,0
146,152,0.667,0.667,0.667,0.333,1.0,0.333,0.333,0.333,1.0,0.667,0
147,153,0.667,0.667,1.0,0.667,0.667,0.667,1.0,0.667,1.0,0.333,1
148,154,1.0,0.667,1.0,0.667,0.667,0.667,1.0,1.0,1.0,0.667,0
149,155,1.0,1.0,0.667,0.333,0.667,0.667,0.667,0.667,1.0,0.667,0
150,156,0.667,0.667,1.0,0.667,0.667,0.667,1.0,0.667,0.667,1.0,0
151,157,0.333,0.667,0.667,0.333,0.333,1.0,1.0,1.0,0.667,0.333,0
152,158,1.0,1.0,1.0,1.0,0.333,1.0,0.667,0.333,1.0,0.667,0
153,160,0.667,0.667,1.0,0.667,0.667,0.667,1.0,1.0,0.667,1.0,0
154,161,0.667,0.667,1.0,0.333,1.0,0.333,1.0,1.0,1.0,0.667,0
155,162,1.0,1.0,1.0,0.667,0.333,1.0,1.0,0.333,0.667,1.0,0
156,163,0.667,0.667,1.0,0.333,1.0,0.333,0.667,0.667,1.0,0.667,0
157,164,0.667,0.333,1.0,0.667,0.667,0.667,1.0,1.0,0.667,0.667,0
158,165,0.667,0.667,1.0,0.667,0.667,0.667,1.0,0.667,1.0,0.667,0
159,166,1.0,1.0,1.0,0.333,0.667,0.667,0.667,0.333,1.0,0.667,0
160,167,0.333,0.333,1.0,0.667,0.667,0.667,1.0,1.0,1.0,0.667,0
161,168,1.0,1.0,1.0,0.667,0.667,0.667,1.0,1.0,0.667,0.667,0
162,169,0.667,0.667,1.0,0.667,0.667,0.667,1.0,0.333,1.0,0.333,0
163,170,0.667,0.667,1.0,0.667,0.667,0.667,0.667,0.667,1.0,0.667,0
164,171,1.0,0.667,1.0,0.333,0.667,0.667,1.0,0.333,0.333,0.667,0
165,172,0.667,0.667,1.0,0.333,0.667,0.667,1.0,0.667,0.667,1.0,0
166,173,0.667,0.667,1.0,0.333,1.0,0.333,1.0,0.667,0.667,0.333,0
167,174,0.667,0.667,1.0,0.667,0.333,1.0,0.667,0.333,1.0,0.333,1
168,175,0.667,0.667,1.0,0.333,0.667,0.667,1.0,0.667,1.0,0.333,0
169,176,1.0,0.667,1.0,0.667,0.667,0.667,1.0,0.667,1.0,0.333,0
170,177,1.0,1.0,1.0,0.667,0.667,0.667,1.0,0.667,0.667,0.667,0
171,178,1.0,1.0,0.667,1.0,0.333,1.0,1.0,0.333,1.0,1.0,0
172,179,1.0,1.0,1.0,1.0,0.333,1.0,0.667,0.667,0.667,0.667,0
173,181,0.333,0.333,0.667,0.333,1.0,0.333,0.667,1.0,0.333,0.667,0
174,182,0.667,0.667,1.0,0.667,0.333,1.0,0.667,0.333,1.0,0.667,0
175,183,1.0,1.0,1.0,0.667,0.333,1.0,1.0,0.333,0.667,0.667,0
176,184,0.667,0.333,1.0,0.667,0.667,0.667,1.0,1.0,1.0,0.667,0
177,185,0.333,0.333,1.0,1.0,0.333,1.0,1.0,0.667,1.0,0.667,0
178,186,0.667,0.667,0.667,0.667,0.333,1.0,1.0,0.667,1.0,0.667,0
179,187,1.0,0.667,1.0,0.667,0.333,1.0,1.0,0.667,0.333,0.333,0
180,189,0.333,0.333,1.0,0.667,0.667,0.667,1.0,0.667,0.667,0.667,1
181,190,0.667,0.333,0.667,0.333,1.0,0.333,1.0,0.667,1.0,0.667,1
182,191,0.667,0.667,1.0,0.333,1.0,0.333,1.0,0.667,1.0,1.0,0
183,192,1.0,0.667,1.0,0.333,1.0,0.333,1.0,0.667,0.667,0.667,1
184,193,0.333,0.333,1.0,0.667,0.667,0.667,1.0,1.0,1.0,0.667,0
185,194,0.333,0.333,0.667,0.333,0.333,1.0,1.0,0.667,1.0,1.0,0
186,195,0.667,0.667,1.0,0.333,0.667,0.667,0.667,0.667,1.0,0.667,0
187,196,0.667,0.333,0.667,0.667,0.333,1.0,1.0,1.0,1.0,0.667,0
188,197,0.333,0.333,1.0,1.0,0.333,1.0,1.0,0.667,1.0,0.333,0
189,198,1.0,0.667,0.667,1.0,0.333,1.0,1.0,0.333,0.667,0.333,0
190,199,0.667,0.667,1.0,0.333,0.333,1.0,1.0,0.667,0.667,0.667,0
191,200,0.667,0.333,1.0,0.333,0.667,0.667,0.667,0.667,1.0,0.667,0
192,201,0.667,0.667,0.667,0.333,0.333,1.0,1.0,1.0,0.667,0.667,0
193,202,0.667,0.667,1.0,1.0,0.333,1.0,1.0,1.0,1.0,0.333,0
194,203,0.667,0.667,1.0,0.333,1.0,0.333,0.667,1.0,0.667,0.667,0
195,204,0.333,0.333,0.667,1.0,0.333,1.0,1.0,0.667,0.667,0.667,0
196,205,0.333,0.333,0.333,0.333,0.667,0.667,0.667,1.0,1.0,1.0,1
197,206,1.0,1.0,1.0,0.333,0.333,1.0,0.667,1.0,1.0,1.0,1
198,207,0.667,0.667,0.667,1.0,0.333,1.0,1.0,0.333,1.0,0.333,0
199,208,0.667,0.667,0.667,0.333,0.333,1.0,1.0,1.0,1.0,0.333,0
200,209,0.667,0.667,1.0,1.0,0.333,1.0,1.0,0.667,1.0,0.667,0
201,210,0.667,0.667,1.0,0.333,0.667,0.667,0.667,0.667,1.0,0.667,0
202,211,0.667,0.667,1.0,0.333,0.667,0.667,1.0,1.0,0.667,0.667,0
203,212,0.333,0.333,1.0,0.667,0.667,0.667,1.0,0.333,1.0,0.667,0
204,213,0.667,0.667,0.667,0.333,0.333,1.0,1.0,0.667,1.0,0.667,0
205,214,0.667,0.667,0.667,0.333,0.333,1.0,1.0,1.0,1.0,0.667,0
206,215,1.0,1.0,1.0,0.333,0.667,0.667,1.0,1.0,0.667,0.667,0
207,216,0.667,0.667,1.0,0.667,0.333,1.0,1.0,0.667,1.0,0.667,0
208,217,1.0,0.667,1.0,0.333,0.333,1.0,1.0,0.333,1.0,0.333,0
209,218,1.0,1.0,0.333,0.667,0.333,1.0,1.0,0.667,0.667,0.667,0
210,219,0.333,0.333,1.0,0.333,0.667,0.667,1.0,0.667,0.667,0.667,0
211,220,0.333,0.333,0.667,0.667,0.333,1.0,0.667,1.0,0.667,0.333,0
212,221,0.333,0.333,0.667,1.0,0.333,1.0,1.0,0.667,0.333,0.667,1
213,222,1.0,0.667,1.0,0.667,0.667,0.667,1.0,0.333,0.333,0.667,0
214,223,1.0,1.0,0.667,1.0,0.333,1.0,1.0,0.667,1.0,0.667,0
215,224,0.667,0.667,1.0,0.667,0.333,1.0,1.0,0.667,0.667,0.667,0
216,226,1.0,1.0,1.0,0.333,0.667,0.667,1.0,1.0,0.667,0.667,0
217,227,1.0,1.0,1.0,0.333,0.667,0.667,1.0,1.0,0.333,0.667,1
218,228,0.667,0.667,1.0,0.333,0.667,0.667,0.667,0.333,1.0,1.0,0
219,229,0.667,0.667,1.0,0.333,0.667,0.667,1.0,0.667,0.667,0.667,1
220,230,0.667,0.667,1.0,0.333,0.333,1.0,1.0,1.0,1.0,1.0,1
221,231,0.667,0.333,0.667,0.667,0.667,0.667,1.0,0.667,1.0,0.333,1
222,232,0.667,0.333,0.667,1.0,0.333,1.0,1.0,0.333,1.0,0.667,1
223,233,0.667,0.667,1.0,0.333,0.667,0.667,0.667,0.333,1.0,0.667,1
224,234,0.667,0.667,0.667,0.333,0.667,0.667,1.0,1.0,0.667,0.333,1
225,235,1.0,1.0,1.0,1.0,0.333,1.0,1.0,0.667,1.0,0.333,1
226,236,0.667,0.667,0.667,0.667,0.667,0.667,1.0,0.667,1.0,1.0,1
227,237,0.333,0.333,0.333,0.333,1.0,0.333,0.667,0.667,1.0,0.667,1
228,243,0.667,0.667,1.0,0.333,0.333,1.0,1.0,0.667,1.0,0.667,1
229,246,1.0,1.0,1.0,1.0,0.333,1.0,1.0,0.667,1.0,0.333,0
230,247,1.0,1.0,1.0,0.667,0.667,0.667,1.0,1.0,1.0,0.333,0
231,248,0.667,0.667,1.0,0.667,0.667,0.667,1.0,1.0,1.0,1.0,0
232,250,1.0,0.667,1.0,0.333,0.333,1.0,1.0,1.0,0.667,0.667,0
233,251,0.333,0.333,0.667,1.0,0.333,1.0,0.667,1.0,1.0,0.667,0
234,252,1.0,1.0,0.667,0.333,0.333,1.0,0.667,0.333,0.667,0.333,0
235,254,0.667,0.667,1.0,1.0,0.333,1.0,0.667,0.667,1.0,0.667,0
236,255,1.0,1.0,1.0,0.333,0.667,0.667,1.0,0.667,1.0,1.0,0
237,256,0.667,0.667,1.0,0.333,0.667,0.667,1.0,0.667,0.667,0.667,0
238,258,0.667,0.667,1.0,0.333,0.667,0.667,0.667,0.667,1.0,1.0,0
239,259,0.667,0.333,1.0,0.667,0.667,0.667,1.0,1.0,0.667,0.333,0
240,260,1.0,1.0,1.0,0.333,0.333,1.0,0.667,1.0,0.667,0.333,0
241,269,0.667,0.667,0.667,1.0,0.333,1.0,1.0,1.0,1.0,0.667,0
242,273,0.667,0.667,0.667,0.667,0.333,1.0,1.0,0.333,1.0,0.333,0
243,274,1.0,1.0,1.0,1.0,0.333,1.0,1.0,1.0,1.0,0.667,0
244,275,1.0,1.0,0.667,0.333,1.0,0.333,1.0,0.667,1.0,0.333,0
245,276,1.0,1.0,1.0,0.333,1.0,0.333,1.0,0.667,0.667,1.0,0
246,277,0.667,0.667,1.0,0.333,1.0,0.333,0.667,0.667,1.0,0.667,0
247,278,0.333,0.333,0.667,0.667,0.333,1.0,0.667,1.0,1.0,1.0,0
248,279,0.667,0.667,1.0,0.333,0.667,0.667,0.667,0.667,1.0,0.667,0
249,280,0.667,0.667,0.333,0.667,0.333,1.0,1.0,1.0,1.0,1.0,0
250,281,0.667,0.667,1.0,0.667,0.333,1.0,0.667,0.667,0.667,1.0,0
251,282,0.333,0.333,1.0,0.667,0.333,1.0,1.0,1.0,1.0,1.0,0
252,283,1.0,1.0,0.667,0.667,0.667,0.667,0.667,0.667,0.667,1.0,0
253,284,0.667,0.333,0.667,0.667,0.333,1.0,1.0,0.333,0.333,1.0,0
254,285,0.667,0.333,0.667,0.333,0.667,0.667,1.0,1.0,0.667,0.333,0
255,287,0.667,0.667,0.667,0.667,0.667,0.667,1.0,0.667,1.0,0.667,0
256,289,0.667,0.667,1.0,0.333,0.667,0.667,0.667,0.667,1.0,1.0,0
257,290,0.667,0.333,1.0,0.667,0.667,0.667,0.667,0.333,1.0,0.333,0
258,291,1.0,1.0,1.0,1.0,0.333,1.0,1.0,0.333,0.667,0.667,0
259,293,1.0,0.667,0.667,0.333,1.0,0.333,1.0,0.667,1.0,0.667,0
260,294,1.0,1.0,0.667,0.333,1.0,0.333,1.0,1.0,1.0,0.667,0
261,295,0.667,0.667,0.667,0.667,0.333,1.0,0.667,0.333,1.0,0.667,0
262,296,0.667,0.667,0.333,0.667,0.333,1.0,0.667,1.0,1.0,1.0,0
263,297,0.667,0.667,0.333,0.333,0.333,1.0,1.0,0.667,1.0,0.667,0
264,298,0.667,0.667,1.0,0.333,0.667,0.667,1.0,0.667,0.667,1.0,0
265,299,0.667,0.667,0.667,0.667,0.667,0.667,1.0,0.667,0.333,0.333,1
266,300,0.667,0.667,1.0,0.333,0.667,0.667,0.667,0.667,1.0,0.333,0
267,301,1.0,1.0,0.667,0.667,0.667,0.667,0.667,0.667,1.0,0.333,0
268,302,1.0,1.0,1.0,0.333,0.333,1.0,1.0,0.333,1.0,0.667,0
269,303,0.667,0.667,0.667,0.667,0.333,1.0,1.0,1.0,1.0,0.667,0
270,304,0.667,0.667,0.667,0.667,0.333,1.0,1.0,1.0,1.0,1.0,0
271,307,1.0,0.667,0.667,0.667,0.667,0.667,1.0,0.667,1.0,1.0,1
272,308,1.0,1.0,1.0,0.333,0.667,0.667,1.0,0.667,1.0,1.0,0
273,310,0.667,0.667,1.0,0.333,0.333,1.0,1.0,1.0,1.0,0.667,0
274,311,0.667,0.333,1.0,0.333,0.667,0.667,1.0,0.667,1.0,0.667,0
275,312,1.0,1.0,1.0,0.333,1.0,0.333,1.0,0.333,1.0,0.333,0
276,313,1.0,1.0,1.0,0.667,0.333,1.0,1.0,1.0,0.667,1.0,1
277,315,0.667,0.667,0.667,0.667,0.333,1.0,1.0,1.0,0.667,0.667,1
278,316,1.0,1.0,1.0,0.333,0.333,1.0,1.0,0.333,1.0,0.333,0
279,317,1.0,1.0,1.0,0.333,0.667,0.667,1.0,0.667,1.0,0.667,0
280,320,0.333,0.333,0.667,0.333,1.0,0.333,1.0,0.667,0.667,0.667,0
281,322,0.333,0.333,1.0,0.333,0.333,1.0,0.667,1.0,0.667,0.667,0
282,325,0.667,0.667,1.0,0.333,0.667,0.667,1.0,0.667,0.667,0.333,0
283,327,0.667,0.667,0.667,0.333,0.333,1.0,0.667,0.667,1.0,0.667,0
284,330,1.0,1.0,1.0,0.333,0.667,0.667,1.0,0.667,0.667,0.667,0
285,331,0.667,0.333,1.0,0.333,0.667,0.667,1.0,0.333,0.333,0.667,0
286,333,0.333,0.333,1.0,0.333,1.0,0.333,1.0,1.0,0.333,0.667,0
287,334,0.667,0.667,1.0,1.0,0.333,1.0,1.0,0.667,0.667,0.333,0
288,337,0.333,0.333,1.0,1.0,0.333,1.0,1.0,0.667,1.0,0.667,0
289,351,1.0,0.667,1.0,0.333,0.333,1.0,1.0,0.667,0.667,0.333,0
290,352,0.333,0.333,1.0,0.333,1.0,0.333,1.0,0.667,0.667,0.667,0
291,355,0.667,0.667,1.0,1.0,0.333,1.0,1.0,0.667,1.0,0.667,0
292,364,0.667,0.667,1.0,0.333,0.333,1.0,1.0,1.0,0.667,0.667,0
293,369,1.0,0.667,1.0,0.333,0.667,0.667,1.0,0.333,1.0,0.667,0
294,370,1.0,1.0,1.0,0.333,1.0,0.333,0.667,0.333,0.667,0.667,0
295,373,0.667,0.667,1.0,1.0,0.333,1.0,0.667,1.0,0.667,1.0,0
296,381,1.0,1.0,1.0,0.333,0.667,0.667,1.0,0.667,0.667,0.667,0
